[
  {
    "slug": "prod-1",
    "name": "سماعة بلوتوث محمولة — مدل A1",
    "description": "سماعة بلوتوث محمولة صغيرة بقوة صوتية ممتازة وبطارية تدوم حتى 24 ساعة.",
    "price": 129,
    "old_price": 179,
    "currency": "درهم",
    "image": "images/prod-1.svg",
    "category": "product",
    "reviews": [
      {
        "author": "عميل",
        "text": "منتج جيد ويستحق الشراء."
      }
    ]
  },
  {
    "slug": "prod-2",
    "name": "باور بانك سريع 20000mAh — ChargeMax",
    "description": "باور بانك بسعة 20000mAh يدعم الشحن السريع ومنفذين USB.",
    "price": 99,
    "old_price": 139,
    "currency": "درهم",
    "image": "images/prod-2.svg",
    "category": "product",
    "reviews": [
      {
        "author": "عميل",
        "text": "منتج جيد ويستحق الشراء."
      }
    ]
  },
  {
    "slug": "prod-3",
    "name": "سماعات أذن لاسلكية TWS — QuietPods",
    "description": "سماعات داخل الأذن بتقنية إلغاء الضوضاء وتصميم مريح للارتداء الطويل.",
    "price": 149,
    "old_price": 199,
    "currency": "درهم",
    "image": "images/prod-3.svg",
    "category": "product",
    "reviews": [
      {
        "author": "عميل",
        "text": "منتج جيد ويستحق الشراء."
      }
    ]
  },
  {
    "slug": "prod-4",
    "name": "مصباح ذكي LED قابل للتعديل — LightEase",
    "description": "مصباح ذكي بتطبيق تحكم وتبديل الألوان ووضعيات الإضاءة للقراءة والاسترخاء.",
    "price": 79,
    "old_price": 119,
    "currency": "درهم",
    "image": "images/prod-4.svg",
    "category": "product",
    "reviews": [
      {
        "author": "عميل",
        "text": "منتج جيد ويستحق الشراء."
      }
    ]
  },
  {
    "slug": "prod-5",
    "name": "قلم رقمي للتابلت — SketchPro",
    "description": "قلم حساس للكتابة والرسم بدقة عالية ومتوافق مع أغلب الأجهزة.",
    "price": 199,
    "old_price": 249,
    "currency": "درهم",
    "image": "images/prod-5.svg",
    "category": "product",
    "reviews": [
      {
        "author": "عميل",
        "text": "منتج جيد ويستحق الشراء."
      }
    ]
  },
  {
    "slug": "prod-6",
    "name": "كاميرا أكشن 4K — ActionPro",
    "description": "كاميرا صغيرة لتسجيل المغامرات بدقة 4K مع مثبت صورة.",
    "price": 249,
    "old_price": 299,
    "currency": "درهم",
    "image": "images/prod-6.svg",
    "category": "product",
    "reviews": [
      {
        "author": "عميل",
        "text": "منتج جيد ويستحق الشراء."
      }
    ]
  },
  {
    "slug": "prod-7",
    "name": "ماوس ألعاب دقيق — GamerX",
    "description": "ماوس ألعاب بدقة عالية وأزرار قابلة للبرمجة وإضاءة RGB.",
    "price": 119,
    "old_price": 159,
    "currency": "درهم",
    "image": "images/prod-7.svg",
    "category": "product",
    "reviews": [
      {
        "author": "عميل",
        "text": "منتج جيد ويستحق الشراء."
      }
    ]
  },
  {
    "slug": "prod-8",
    "name": "لوحة مفاتيح ميكانيكية — ClickMaster",
    "description": "كيبورد ميكانيكي متين بإضاءة خلفية ومفاتيح قابلة للتخصيص.",
    "price": 169,
    "old_price": 219,
    "currency": "درهم",
    "image": "images/prod-8.svg",
    "category": "product",
    "reviews": [
      {
        "author": "عميل",
        "text": "منتج جيد ويستحق الشراء."
      }
    ]
  },
  {
    "slug": "prod-9",
    "name": "حامل هاتف مكتبي متعدد الوضعيات",
    "description": "حامل هاتف قوي قابل للتدوير والتعديل لراحة المشاهدة والعمل.",
    "price": 45,
    "old_price": 65,
    "currency": "درهم",
    "image": "images/prod-9.svg",
    "category": "product",
    "reviews": [
      {
        "author": "عميل",
        "text": "منتج جيد ويستحق الشراء."
      }
    ]
  },
  {
    "slug": "prod-10",
    "name": "ساعة ذكية لمتابعة الصحة — FitTime",
    "description": "ساعة ذكية لمراقبة النشاط اليومي ونبض القلب والإشعارات.",
    "price": 219,
    "old_price": 289,
    "currency": "درهم",
    "image": "images/prod-10.svg",
    "category": "product",
    "reviews": [
      {
        "author": "عميل",
        "text": "منتج جيد ويستحق الشراء."
      }
    ]
  },
  {
    "slug": "prod-11",
    "name": "سماعة رأس عازلة للضوضاء — SilentHead",
    "description": "سماعة فوق الأذن بعزل فعال للضوضاء وصوت بجودة عالية.",
    "price": 399,
    "old_price": 499,
    "currency": "درهم",
    "image": "images/prod-11.svg",
    "category": "product",
    "reviews": [
      {
        "author": "عميل",
        "text": "منتج جيد ويستحق الشراء."
      }
    ]
  },
  {
    "slug": "prod-12",
    "name": "كاميرا ويب للبث والاجتماعات — ClearCam",
    "description": "كاميرا ويب عالية الجودة مناسبة للبث والاجتماعات والعمل من المنزل.",
    "price": 149,
    "old_price": 189,
    "currency": "درهم",
    "image": "images/prod-12.svg",
    "category": "product",
    "reviews": [
      {
        "author": "عميل",
        "text": "منتج جيد ويستحق الشراء."
      }
    ]
  },
  {
    "slug": "prod-13",
    "name": "وسادة نوم ميموري فوم — SleepCloud",
    "description": "وسادة مريحة بتقنية الذاكرة لدعم الرقبة وتحسين جودة النوم.",
    "price": 89,
    "old_price": 129,
    "currency": "درهم",
    "image": "images/prod-13.svg",
    "category": "product",
    "reviews": [
      {
        "author": "عميل",
        "text": "منتج جيد ويستحق الشراء."
      }
    ]
  },
  {
    "slug": "prod-14",
    "name": "بطانية خفيفة معزولة — CozyBlanket",
    "description": "بطانية دافئة وخفيفة مثالية للجلسات المريحة والقراءة.",
    "price": 129,
    "old_price": 169,
    "currency": "درهم",
    "image": "images/prod-14.svg",
    "category": "product",
    "reviews": [
      {
        "author": "عميل",
        "text": "منتج جيد ويستحق الشراء."
      }
    ]
  },
  {
    "slug": "prod-15",
    "name": "مصباح قراءة بتوهج دافئ",
    "description": "مصباح صغير للقراءة مع ضوء قابل للتعديل لازعاج العين.",
    "price": 59,
    "old_price": 89,
    "currency": "درهم",
    "image": "images/prod-15.svg",
    "category": "product",
    "reviews": [
      {
        "author": "عميل",
        "text": "منتج جيد ويستحق الشراء."
      }
    ]
  },
  {
    "slug": "prod-16",
    "name": "قاعدة تبريد لابتوب — CoolPad",
    "description": "قاعدة تبريد فعالة مع مراوح هادئة لتحسين أداء اللابتوب.",
    "price": 99,
    "old_price": 129,
    "currency": "درهم",
    "image": "images/prod-16.svg",
    "category": "product",
    "reviews": [
      {
        "author": "عميل",
        "text": "منتج جيد ويستحق الشراء."
      }
    ]
  },
  {
    "slug": "prod-17",
    "name": "حاملة كتب مكتبية",
    "description": "منظم كتب أنيق يساعد في ترتيب مساحة العمل.",
    "price": 39,
    "old_price": 59,
    "currency": "درهم",
    "image": "images/prod-17.svg",
    "category": "product",
    "reviews": [
      {
        "author": "عميل",
        "text": "منتج جيد ويستحق الشراء."
      }
    ]
  },
  {
    "slug": "prod-18",
    "name": "شاحن سيارة سريع — FastCar",
    "description": "شاحن سيارة USB يدعم الشحن السريع ويحمي الأجهزة من التيار الزائد.",
    "price": 39,
    "old_price": 59,
    "currency": "درهم",
    "image": "images/prod-18.svg",
    "category": "product",
    "reviews": [
      {
        "author": "ندى",
        "text": "خدمة رائعة وسرعة شحن ممتازة."
      }
    ]
  },
  {
    "slug": "prod-19",
    "name": "حقيبة لابتوب مبطنة 15 بوصة",
    "description": "حقيبة أنيقة مع حماية داخلية للابتوب ومساحات للملحقات.",
    "price": 129,
    "old_price": 169,
    "currency": "درهم",
    "image": "images/prod-19.svg",
    "category": "product",
    "reviews": [
      {
        "author": "ندى",
        "text": "خدمة رائعة وسرعة شحن ممتازة."
      }
    ]
  },
  {
    "slug": "prod-20",
    "name": "مايكروفون بودكاست USB — VoicePro",
    "description": "ميكروفون بجودة تسجيل احترافية مناسب للبث والبودكاست.",
    "price": 399,
    "old_price": 499,
    "currency": "درهم",
    "image": "images/prod-20.svg",
    "category": "product",
    "reviews": [
      {
        "author": "ندى",
        "text": "خدمة رائعة وسرعة شحن ممتازة."
      }
    ]
  },
  {
    "slug": "prod-21",
    "name": "محول شحن USB-C 65W — PowerHub",
    "description": "محول شحن قوي متعدد المنافذ لشحن اللابتوب والهاتف بسرعة.",
    "price": 159,
    "old_price": 199,
    "currency": "درهم",
    "image": "images/prod-21.svg",
    "category": "product",
    "reviews": [
      {
        "author": "ندى",
        "text": "خدمة رائعة وسرعة شحن ممتازة."
      }
    ]
  },
  {
    "slug": "book-1",
    "name": "كتاب 1 - دليل الهدوء والرفاهية",
    "description": "كتاب إلكتروني مجاني يحتوي على تمارين وإرشادات للاسترخاء وتحسين الصحة العقلية.",
    "price": 0,
    "old_price": 0,
    "currency": "درهم",
    "image": "images/book-1.svg",
    "category": "book",
    "reviews": [
      {
        "author": "مُراجع",
        "text": "محتوى مفيد وسهل التطبيق."
      }
    ]
  },
  {
    "slug": "book-2",
    "name": "كتاب 2 - دليل الهدوء والرفاهية",
    "description": "كتاب إلكتروني مجاني يحتوي على تمارين وإرشادات للاسترخاء وتحسين الصحة العقلية.",
    "price": 0,
    "old_price": 0,
    "currency": "درهم",
    "image": "images/book-2.svg",
    "category": "book",
    "reviews": [
      {
        "author": "مُراجع",
        "text": "محتوى مفيد وسهل التطبيق."
      }
    ]
  },
  {
    "slug": "book-3",
    "name": "كتاب 3 - دليل الهدوء والرفاهية",
    "description": "كتاب إلكتروني مجاني يحتوي على تمارين وإرشادات للاسترخاء وتحسين الصحة العقلية.",
    "price": 0,
    "old_price": 0,
    "currency": "درهم",
    "image": "images/book-3.svg",
    "category": "book",
    "reviews": [
      {
        "author": "مُراجع",
        "text": "محتوى مفيد وسهل التطبيق."
      }
    ]
  },
  {
    "slug": "book-4",
    "name": "كتاب 4 - دليل الهدوء والرفاهية",
    "description": "كتاب إلكتروني مجاني يحتوي على تمارين وإرشادات للاسترخاء وتحسين الصحة العقلية.",
    "price": 0,
    "old_price": 0,
    "currency": "درهم",
    "image": "images/book-4.svg",
    "category": "book",
    "reviews": [
      {
        "author": "مُراجع",
        "text": "محتوى مفيد وسهل التطبيق."
      }
    ]
  },
  {
    "slug": "book-5",
    "name": "كتاب 5 - دليل الهدوء والرفاهية",
    "description": "كتاب إلكتروني مجاني يحتوي على تمارين وإرشادات للاسترخاء وتحسين الصحة العقلية.",
    "price": 0,
    "old_price": 0,
    "currency": "درهم",
    "image": "images/book-5.svg",
    "category": "book",
    "reviews": [
      {
        "author": "مُراجع",
        "text": "محتوى مفيد وسهل التطبيق."
      }
    ]
  },
  {
    "slug": "book-6",
    "name": "كتاب 6 - دليل الهدوء والرفاهية",
    "description": "كتاب إلكتروني مجاني يحتوي على تمارين وإرشادات للاسترخاء وتحسين الصحة العقلية.",
    "price": 0,
    "old_price": 0,
    "currency": "درهم",
    "image": "images/book-6.svg",
    "category": "book",
    "reviews": [
      {
        "author": "مُراجع",
        "text": "محتوى مفيد وسهل التطبيق."
      }
    ]
  },
  {
    "slug": "book-7",
    "name": "كتاب 7 - دليل الهدوء والرفاهية",
    "description": "كتاب إلكتروني مجاني يحتوي على تمارين وإرشادات للاسترخاء وتحسين الصحة العقلية.",
    "price": 0,
    "old_price": 0,
    "currency": "درهم",
    "image": "images/book-7.svg",
    "category": "book",
    "reviews": [
      {
        "author": "مُراجع",
        "text": "محتوى مفيد وسهل التطبيق."
      }
    ]
  },
  {
    "slug": "book-8",
    "name": "كتاب 8 - دليل الهدوء والرفاهية",
    "description": "كتاب إلكتروني مجاني يحتوي على تمارين وإرشادات للاسترخاء وتحسين الصحة العقلية.",
    "price": 0,
    "old_price": 0,
    "currency": "درهم",
    "image": "images/book-8.svg",
    "category": "book",
    "reviews": [
      {
        "author": "مُراجع",
        "text": "محتوى مفيد وسهل التطبيق."
      }
    ]
  },
  {
    "slug": "book-9",
    "name": "كتاب 9 - دليل الهدوء والرفاهية",
    "description": "كتاب إلكتروني مجاني يحتوي على تمارين وإرشادات للاسترخاء وتحسين الصحة العقلية.",
    "price": 0,
    "old_price": 0,
    "currency": "درهم",
    "image": "images/book-9.svg",
    "category": "book",
    "reviews": [
      {
        "author": "مُراجع",
        "text": "محتوى مفيد وسهل التطبيق."
      }
    ]
  },
  {
    "slug": "book-10",
    "name": "كتاب 10 - دليل الهدوء والرفاهية",
    "description": "كتاب إلكتروني مجاني يحتوي على تمارين وإرشادات للاسترخاء وتحسين الصحة العقلية.",
    "price": 0,
    "old_price": 0,
    "currency": "درهم",
    "image": "images/book-10.svg",
    "category": "book",
    "reviews": [
      {
        "author": "مُراجع",
        "text": "محتوى مفيد وسهل التطبيق."
      }
    ]
  },
  {
    "slug": "book-11",
    "name": "كتاب 11 - دليل الهدوء والرفاهية",
    "description": "كتاب إلكتروني مجاني يحتوي على تمارين وإرشادات للاسترخاء وتحسين الصحة العقلية.",
    "price": 0,
    "old_price": 0,
    "currency": "درهم",
    "image": "images/book-11.svg",
    "category": "book",
    "reviews": [
      {
        "author": "مُراجع",
        "text": "محتوى مفيد وسهل التطبيق."
      }
    ]
  },
  {
    "slug": "book-12",
    "name": "كتاب 12 - دليل الهدوء والرفاهية",
    "description": "كتاب إلكتروني مجاني يحتوي على تمارين وإرشادات للاسترخاء وتحسين الصحة العقلية.",
    "price": 0,
    "old_price": 0,
    "currency": "درهم",
    "image": "images/book-12.svg",
    "category": "book",
    "reviews": [
      {
        "author": "مُراجع",
        "text": "محتوى مفيد وسهل التطبيق."
      }
    ]
  },
  {
    "slug": "music-1",
    "name": "مقطوعة هادئة 1",
    "description": "مقطوعة موسيقية مريحة ومناسبة للاسترخاء والتركيز، مجانية ومفتوحة للاستخدام الشخصي.",
    "price": 0,
    "old_price": 0,
    "currency": "درهم",
    "image": "images/music-1.svg",
    "category": "music",
    "reviews": [
      {
        "author": "مستمع",
        "text": "موسيقى رائعة للاسترخاء."
      }
    ]
  },
  {
    "slug": "music-2",
    "name": "مقطوعة هادئة 2",
    "description": "مقطوعة موسيقية مريحة ومناسبة للاسترخاء والتركيز، مجانية ومفتوحة للاستخدام الشخصي.",
    "price": 0,
    "old_price": 0,
    "currency": "درهم",
    "image": "images/music-2.svg",
    "category": "music",
    "reviews": [
      {
        "author": "مستمع",
        "text": "موسيقى رائعة للاسترخاء."
      }
    ]
  },
  {
    "slug": "music-3",
    "name": "مقطوعة هادئة 3",
    "description": "مقطوعة موسيقية مريحة ومناسبة للاسترخاء والتركيز، مجانية ومفتوحة للاستخدام الشخصي.",
    "price": 0,
    "old_price": 0,
    "currency": "درهم",
    "image": "images/music-3.svg",
    "category": "music",
    "reviews": [
      {
        "author": "مستمع",
        "text": "موسيقى رائعة للاسترخاء."
      }
    ]
  },
  {
    "slug": "music-4",
    "name": "مقطوعة هادئة 4",
    "description": "مقطوعة موسيقية مريحة ومناسبة للاسترخاء والتركيز، مجانية ومفتوحة للاستخدام الشخصي.",
    "price": 0,
    "old_price": 0,
    "currency": "درهم",
    "image": "images/music-4.svg",
    "category": "music",
    "reviews": [
      {
        "author": "مستمع",
        "text": "موسيقى رائعة للاسترخاء."
      }
    ]
  },
  {
    "slug": "music-5",
    "name": "مقطوعة هادئة 5",
    "description": "مقطوعة موسيقية مريحة ومناسبة للاسترخاء والتركيز، مجانية ومفتوحة للاستخدام الشخصي.",
    "price": 0,
    "old_price": 0,
    "currency": "درهم",
    "image": "images/music-5.svg",
    "category": "music",
    "reviews": [
      {
        "author": "مستمع",
        "text": "موسيقى رائعة للاسترخاء."
      }
    ]
  },
  {
    "slug": "music-6",
    "name": "مقطوعة هادئة 6",
    "description": "مقطوعة موسيقية مريحة ومناسبة للاسترخاء والتركيز، مجانية ومفتوحة للاستخدام الشخصي.",
    "price": 0,
    "old_price": 0,
    "currency": "درهم",
    "image": "images/music-6.svg",
    "category": "music",
    "reviews": [
      {
        "author": "مستمع",
        "text": "موسيقى رائعة للاسترخاء."
      }
    ]
  },
  {
    "slug": "music-7",
    "name": "مقطوعة هادئة 7",
    "description": "مقطوعة موسيقية مريحة ومناسبة للاسترخاء والتركيز، مجانية ومفتوحة للاستخدام الشخصي.",
    "price": 0,
    "old_price": 0,
    "currency": "درهم",
    "image": "images/music-7.svg",
    "category": "music",
    "reviews": [
      {
        "author": "مستمع",
        "text": "موسيقى رائعة للاسترخاء."
      }
    ]
  },
  {
    "slug": "music-8",
    "name": "مقطوعة هادئة 8",
    "description": "مقطوعة موسيقية مريحة ومناسبة للاسترخاء والتركيز، مجانية ومفتوحة للاستخدام الشخصي.",
    "price": 0,
    "old_price": 0,
    "currency": "درهم",
    "image": "images/music-8.svg",
    "category": "music",
    "reviews": [
      {
        "author": "مستمع",
        "text": "موسيقى رائعة للاسترخاء."
      }
    ]
  },
  {
    "slug": "music-9",
    "name": "مقطوعة هادئة 9",
    "description": "مقطوعة موسيقية مريحة ومناسبة للاسترخاء والتركيز، مجانية ومفتوحة للاستخدام الشخصي.",
    "price": 0,
    "old_price": 0,
    "currency": "درهم",
    "image": "images/music-9.svg",
    "category": "music",
    "reviews": [
      {
        "author": "مستمع",
        "text": "موسيقى رائعة للاسترخاء."
      }
    ]
  },
  {
    "slug": "music-10",
    "name": "مقطوعة هادئة 10",
    "description": "مقطوعة موسيقية مريحة ومناسبة للاسترخاء والتركيز، مجانية ومفتوحة للاستخدام الشخصي.",
    "price": 0,
    "old_price": 0,
    "currency": "درهم",
    "image": "images/music-10.svg",
    "category": "music",
    "reviews": [
      {
        "author": "مستمع",
        "text": "موسيقى رائعة للاسترخاء."
      }
    ]
  },
  {
    "slug": "music-11",
    "name": "مقطوعة هادئة 11",
    "description": "مقطوعة موسيقية مريحة ومناسبة للاسترخاء والتركيز، مجانية ومفتوحة للاستخدام الشخصي.",
    "price": 0,
    "old_price": 0,
    "currency": "درهم",
    "image": "images/music-11.svg",
    "category": "music",
    "reviews": [
      {
        "author": "مستمع",
        "text": "موسيقى رائعة للاسترخاء."
      }
    ]
  },
  {
    "slug": "music-12",
    "name": "مقطوعة هادئة 12",
    "description": "مقطوعة موسيقية مريحة ومناسبة للاسترخاء والتركيز، مجانية ومفتوحة للاستخدام الشخصي.",
    "price": 0,
    "old_price": 0,
    "currency": "درهم",
    "image": "images/music-12.svg",
    "category": "music",
    "reviews": [
      {
        "author": "مستمع",
        "text": "موسيقى رائعة للاسترخاء."
      }
    ]
  }
]